feat1,feat2,feat3,feat4,feat5,feat6,feat7,feat8,feat9,feat10,feat11,feat12,feat13,feat14,feat15,feat16
0.326822816,-0.030584377,-0.165526393,-0.153388189,0.272679351,0.900801308,0.021042751,-0.34874585,-0.779122608,-0.053427464,-0.176699845,-0.105790464,-0.280182925,-0.680968552,-0.364637119,0.058885357
0.407556967,-0.008935015,0.192338143,0.378066844,-0.140686032,0.103018203,-0.189698597,0.266282118,0.183027716,0.04915253,-0.331913678,0.419920891,0.104368548,0.001590288,-0.272331291,0.232141125
0.909029572,0.141679721,-0.240240055,0.082214491,-0.180886401,0.72792771,-0.023984898,-0.12860055,-0.235170059,-0.022547312,-0.128379425,-0.27056184,0.072678079,-0.107091872,-0.446507076,-0.143893282
0.140947583,0.428513621,0.050186407,-0.100924597,0.389935311,0.640525094,-0.206849572,-0.081438403,0.178836087,0.149767854,-0.104748161,-0.407510003,0.396197373,-0.089402236,0.197242192,0.274650552
0.246799616,0.331305494,0.145996326,0.108853791,-0.003461251,-0.050467503,0.186035139,-0.03585588,-0.025194576,0.10989238,-0.219560177,0.108987516,0.128391226,-0.340058948,0.350506259,-0.072768628
0.015471977,0.090551801,0.203638938,-0.230777727,-0.341982156,-0.145949587,-0.127489375,-0.112465573,0.447001881,0.059464795,-0.082497593,0.038849607,0.385500123,-0.044383294,-0.216721771,-0.27653383
0.378394334,0.476945678,-0.134844118,-0.314074274,0.136837535,-0.105712093,-0.112225536,0.413958834,-0.542224795,0.163667515,-0.746328038,0.051068727,-0.219800671,-0.290957238,-0.073278663,0.000684679
0.128102353,-0.378915109,-0.113620192,0.056791616,0.594644755,0.325482291,0.174815222,-0.135347085,-0.433966407,-0.240618874,-0.216720248,-0.186621288,0.254947037,-0.236842213,0.050899438,0.190680604
-0.093248397,-0.142007404,-0.160959297,0.43323757,0.148612898,-0.155855815,-0.152798918,-0.062254319,0.343072247,-0.053584471,0.087478451,0.06131302,-0.187414583,0.578009117,0.481612259,-0.288789672
